user_id,age,gender,region,last_booking,booking_count,total_amount,preferred_genre
2001,48,F,서울특별시,2024-05-12,8,77160,대중무용
2002,54,M,경기도,2024-06-22,44,964590,뮤지컬
2003,38,F,경기도,2024-12-11,3,91272,대중음악
2004,38,M,제주특별자치도,2024-06-27,38,250908,한국음악
2005,43,F,경상북도,2025-02-14,20,3186,연극
2006,34,F,부산광역시,2025-04-04,2,97077,서양음악
2007,20,F,서울특별시,2025-01-19,12,35164,연극
2008,17,F,서울특별시,2025-01-16,9,429598,뮤지컬
2009,51,F,경기도,2024-05-18,25,36191,뮤지컬
2010,36,F,전라북도,2025-04-01,1,65989,연극
2011,33,F,서울특별시,2025-03-03,4,59671,대중무용
2012,33,M,서울특별시,2025-04-11,3,92995,대중무용
2013,12,F,경기도,2024-05-17,2,280256,뮤지컬
2014,29,M,경상북도,2024-09-07,2,10363,서커스/마술
2015,37,F,경기도,2024-12-12,3,16985,뮤지컬
2016,21,M,부산광역시,2024-12-28,2,211449,연극
2017,31,M,경기도,2025-03-10,3,64341,연극
2018,45,F,서울특별시,2025-03-07,3,21526,대중무용
2019,30,M,서울특별시,2025-02-22,2,0,복합
2020,30,F,충청북도,2025-04-20,10,282429,대중무용
2021,46,F,전라남도,2024-11-18,8,771559,복합
2022,31,M,경기도,2024-06-06,2,80444,뮤지컬
2023,47,F,경기도,2025-04-01,13,113164,뮤지컬
2024,30,F,충청북도,2024-06-02,10,86530,무용
2025,33,F,대구광역시,2025-04-30,3,26331,한국음악
2026,43,M,서울특별시,2024-07-16,5,0,뮤지컬
2027,23,M,경기도,2024-09-05,3,57953,대중음악
2028,40,F,광주광역시,2024-09-15,8,79914,연극
2029,49,기타,인천광역시,2024-07-08,21,134954,뮤지컬
2030,22,M,경상남도,2024-09-01,6,80450,무용
2031,45,M,전라북도,2024-06-01,2,850002,대중무용
2032,27,F,서울특별시,2025-02-23,10,84808,뮤지컬
2033,35,M,대전광역시,2025-03-01,1,46629,뮤지컬
2034,28,M,서울특별시,2024-06-29,22,49023,무용
2035,28,F,광주광역시,2025-04-16,3,70794,서양음악
2036,30,기타,부산광역시,2024-05-02,3,297984,대중음악
2037,40,F,경기도,2025-04-29,2,7252,한국음악
2038,49,F,충청남도,2024-07-12,3,821206,뮤지컬
2039,37,M,광주광역시,2023-09-22,3,927298,서커스/마술
2040,21,기타,전라북도,2024-11-13,6,97138,대중음악
2041,52,F,서울특별시,2024-12-12,2,43081,뮤지컬
2042,52,F,경기도,2025-02-01,1,37966,뮤지컬
2043,25,M,부산광역시,2025-04-01,2,45905,뮤지컬
2044,35,M,경상남도,2025-01-16,12,7306,뮤지컬
2045,36,F,경기도,2025-01-23,2,60430,대중음악
2046,34,M,서울특별시,2025-04-22,21,7778,대중음악
2047,48,M,경기도,2025-02-06,2,217983,대중음악
2048,45,F,인천광역시,2025-01-13,16,26986,뮤지컬
2049,33,기타,충청북도,2021-09-09,2,26203,대중무용
2050,25,F,대전광역시,2024-09-05,4,91789,뮤지컬
2051,44,M,경상남도,2024-06-29,3,645391,연극
2052,29,F,강원특별자치도,2024-11-12,33,84163,서양음악
2053,41,F,서울특별시,2024-10-11,38,81758,연극
2054,36,M,부산광역시,2022-06-21,2,264298,서양음악
2055,53,기타,대구광역시,2024-08-31,2,162716,서양음악
2056,56,M,제주특별자치도,2024-11-24,3,371984,대중음악
2057,41,M,서울특별시,2020-10-12,2,38827,연극
2058,48,F,서울특별시,2025-01-14,2,120311,대중음악
2059,45,M,서울특별시,2025-04-21,2,28725,서커스/마술
2060,22,F,부산광역시,2025-02-05,2,361471,대중음악
2061,29,F,서울특별시,2025-04-02,1,27807,한국음악
2062,36,F,대구광역시,2025-04-11,1,388040,서양음악
2063,21,M,충청북도,2025-04-12,3,667619,뮤지컬
2064,52,기타,경기도,2024-11-06,4,45399,한국음악
2065,35,M,인천광역시,2024-10-19,1,542245,한국음악
2066,54,F,전라남도,2022-07-24,2,2268,서양음악
2067,36,F,인천광역시,2024-10-26,50,19884,대중음악
2068,41,F,서울특별시,2024-06-28,7,65155,뮤지컬
2069,31,F,서울특별시,2025-04-11,14,700820,연극
2070,34,F,인천광역시,2024-10-14,9,95478,대중무용
2071,31,M,서울특별시,2025-01-07,4,60014,뮤지컬
2072,22,기타,부산광역시,2025-04-02,1,96295,뮤지컬
2073,21,F,제주특별자치도,2025-04-21,5,612172,연극
2074,78,F,대구광역시,2024-05-12,8,116837,뮤지컬
2075,53,M,경기도,2024-12-17,2,37188,대중음악
2076,58,M,서울특별시,2022-03-01,3,36712,무용
2077,36,M,경상북도,2025-04-26,10,5422,연극
2078,39,F,전라북도,2025-04-24,16,85560,뮤지컬
2079,35,F,경기도,2024-09-24,3,40534,뮤지컬
2080,38,기타,경기도,2024-07-23,2,37248,무용
2081,30,F,대전광역시,2024-12-04,10,316322,뮤지컬
2082,53,M,서울특별시,2024-12-06,3,23555,대중음악
2083,27,F,서울특별시,2024-11-24,8,77534,연극
2084,36,F,서울특별시,2024-11-10,7,35524,서양음악
2085,26,M,경기도,2024-05-22,2,9570,대중음악
2086,21,F,서울특별시,2025-01-14,12,11280,복합
2087,51,M,서울특별시,2025-04-18,5,47728,뮤지컬
2088,30,F,서울특별시,2025-02-28,50,399714,무용
2089,43,기타,부산광역시,2024-05-10,2,41259,연극
2090,38,F,부산광역시,2024-05-11,3,10386,무용
2091,75,F,서울특별시,2025-01-07,9,192211,연극
2092,52,F,경상북도,2025-04-19,11,178279,대중음악
2093,35,M,경기도,2025-03-30,21,297518,연극
2094,39,M,서울특별시,2025-04-29,3,402232,무용
2095,54,F,서울특별시,2024-12-28,8,209843,무용
2096,38,F,광주광역시,2025-02-17,1,45272,복합
2097,10,M,서울특별시,2023-10-31,17,295956,서양음악
2098,32,M,서울특별시,2025-04-21,3,98144,뮤지컬
2099,45,M,부산광역시,2023-03-06,7,45791,뮤지컬
2100,27,M,경기도,2024-12-18,9,49534,연극
2101,27,F,세종특별자치시,2024-11-20,3,24453,한국음악
2102,37,F,강원특별자치도,2025-03-19,10,41996,서양음악
2103,29,F,경상남도,2024-05-06,3,24380,대중무용
2104,23,기타,서울특별시,2025-03-23,14,4472,연극
2105,53,F,서울특별시,2024-08-04,5,414251,한국음악
2106,55,F,제주특별자치도,2025-03-06,31,427308,서양음악
2107,48,M,부산광역시,2024-11-27,20,51902,복합
2108,34,F,대전광역시,2025-01-23,34,201936,대중무용
2109,28,M,서울특별시,2024-06-28,19,32028,뮤지컬
2110,49,M,서울특별시,2025-03-31,2,475341,뮤지컬
2111,14,기타,서울특별시,2025-03-18,7,94508,뮤지컬
2112,26,F,경기도,2025-04-04,3,6625,한국음악
2113,47,F,서울특별시,2021-04-03,9,20816,한국음악
2114,40,M,경기도,2025-03-20,20,40630,뮤지컬
2115,32,F,인천광역시,2024-09-24,15,2092,연극
2116,29,F,서울특별시,2024-05-27,14,45004,연극
2117,30,M,서울특별시,2025-03-01,5,442,대중음악
2118,48,F,경기도,2022-01-15,14,35822,뮤지컬
2119,78,M,서울특별시,2024-12-23,1,48790,뮤지컬
2120,19,M,서울특별시,2025-04-27,2,795903,뮤지컬
2121,28,F,서울특별시,2025-04-29,3,11776,뮤지컬
2122,21,F,경기도,2025-04-09,6,15501,한국음악
2123,30,F,대전광역시,2025-01-19,10,92123,대중음악
2124,39,F,서울특별시,2024-06-08,4,212358,뮤지컬
2125,26,M,대전광역시,2025-02-23,18,18893,서양음악
2126,36,F,충청남도,2024-11-15,3,221031,뮤지컬
2127,31,F,대구광역시,2024-06-21,9,21909,서커스/마술
2128,33,M,서울특별시,2024-06-04,3,13295,뮤지컬
2129,48,F,경기도,2024-07-17,2,27049,연극
2130,30,F,대구광역시,2025-04-18,11,74844,무용
2131,26,기타,경상남도,2025-04-19,37,31453,연극
2132,43,F,경상북도,2020-04-14,4,63871,연극
2133,30,M,경기도,2024-10-26,8,39799,한국음악
2134,34,M,부산광역시,2025-04-25,10,185680,한국음악
2135,26,M,전라북도,2020-03-09,1,32118,뮤지컬
2136,39,M,충청북도,2022-05-06,2,99887,서양음악
2137,69,F,경기도,2025-03-05,2,74846,무용
2138,39,M,서울특별시,2024-11-27,3,68235,서양음악
2139,30,M,서울특별시,2025-04-27,2,37627,대중무용
2140,37,F,경기도,2024-12-07,2,166131,서양음악
2141,20,F,대전광역시,2025-01-04,4,121471,뮤지컬
2142,34,M,경상남도,2025-04-01,1,40822,뮤지컬
2143,47,F,전라북도,2025-04-10,2,510162,뮤지컬
2144,31,M,서울특별시,2025-04-25,8,99088,뮤지컬
2145,76,M,대전광역시,2024-10-04,16,85351,대중음악
2146,62,F,서울특별시,2024-10-11,15,13413,뮤지컬
2147,24,F,광주광역시,2024-11-28,2,72935,연극
2148,43,F,대구광역시,2025-01-22,8,24694,뮤지컬
2149,39,F,서울특별시,2024-05-04,40,14496,뮤지컬
2150,31,F,서울특별시,2025-03-30,2,12638,한국음악
2151,44,M,서울특별시,2020-12-23,20,297717,무용
2152,55,M,서울특별시,2023-06-29,2,12033,한국음악
2153,39,M,충청남도,2024-11-15,3,164823,뮤지컬
2154,41,M,서울특별시,2025-02-07,7,23065,대중음악
2155,49,F,서울특별시,2024-09-30,3,51335,서커스/마술
2156,37,M,서울특별시,2024-11-08,1,262879,서양음악
2157,22,F,전라북도,2025-01-02,23,59986,대중음악
2158,27,F,서울특별시,2025-04-22,3,25633,무용
2159,41,F,서울특별시,2024-08-20,19,18272,대중음악
2160,28,F,대전광역시,2021-02-18,37,41035,대중음악
2161,26,F,서울특별시,2024-11-04,11,93873,서커스/마술
2162,28,F,서울특별시,2024-12-16,10,17496,서양음악
2163,21,F,대전광역시,2025-03-10,3,247841,대중음악
2164,44,기타,서울특별시,2024-01-19,3,64284,무용
2165,43,F,전라남도,2024-10-07,2,40476,뮤지컬
2166,36,M,인천광역시,2025-01-23,2,26793,뮤지컬
2167,38,F,인천광역시,2025-04-30,50,34175,대중음악
2168,46,F,서울특별시,2021-06-25,3,20996,연극
2169,48,F,충청남도,2020-10-21,2,89707,대중무용
2170,56,F,인천광역시,2025-04-22,4,89796,뮤지컬
2171,56,M,서울특별시,2024-09-05,16,296064,뮤지컬
2172,41,F,서울특별시,2024-10-29,30,17506,대중음악
2173,74,F,경기도,2021-01-09,49,342930,대중음악
2174,21,F,강원특별자치도,2020-07-20,3,30384,대중무용
2175,26,F,경상북도,2025-02-28,18,17084,뮤지컬
2176,36,M,대구광역시,2025-03-25,7,87924,무용
2177,53,F,경기도,2024-10-06,2,106731,뮤지컬
2178,46,F,서울특별시,2025-03-18,2,30444,뮤지컬
2179,39,F,대구광역시,2025-02-19,3,250941,연극
2180,47,F,경상남도,2025-04-30,1,477562,무용
2181,22,F,경기도,2024-12-27,43,198384,뮤지컬
2182,62,F,서울특별시,2024-11-20,3,0,서양음악
2183,41,F,서울특별시,2024-10-23,3,203980,뮤지컬
2184,58,M,서울특별시,2024-11-15,2,287436,뮤지컬
2185,26,M,인천광역시,2025-04-10,9,62997,연극
2186,39,F,경상북도,2024-07-16,1,119922,서커스/마술
2187,29,F,서울특별시,2024-07-04,9,810429,무용
2188,24,F,서울특별시,2024-11-09,6,25915,연극
2189,19,M,경기도,2025-01-31,6,1670,무용
2190,21,F,전라남도,2024-10-01,2,95691,대중음악
2191,36,M,경기도,2025-04-04,1,4942,대중음악
2192,43,F,서울특별시,2024-12-25,26,49348,한국음악
2193,34,F,서울특별시,2024-07-29,2,57933,연극
2194,27,M,경기도,2025-02-25,1,47088,서양음악
2195,53,F,강원특별자치도,2025-01-02,6,52691,한국음악
2196,26,F,서울특별시,2025-04-24,2,191017,대중무용
2197,35,F,경기도,2024-05-12,2,44913,대중음악
2198,46,F,부산광역시,2025-04-23,7,412296,뮤지컬
2199,53,M,경기도,2025-01-26,1,6072,뮤지컬
2200,39,M,서울특별시,2024-12-29,10,118076,대중음악
2201,38,F,전라남도,2024-07-11,5,232634,서양음악
2202,28,F,인천광역시,2024-12-31,17,32362,연극
2203,38,F,대전광역시,2025-02-05,6,10829,뮤지컬
2204,33,M,부산광역시,2024-09-20,2,37528,대중음악
2205,39,F,제주특별자치도,2025-01-18,14,228503,연극
2206,35,F,경기도,2024-08-13,3,127666,연극
2207,27,F,경기도,2024-08-29,1,38411,뮤지컬
2208,45,F,경기도,2025-02-13,29,73736,대중음악
2209,31,M,경기도,2024-06-24,34,40129,대중음악
2210,25,M,서울특별시,2024-09-10,1,96354,무용
2211,47,F,경상남도,2024-10-15,1,580211,대중무용
2212,34,M,전라북도,2025-04-25,9,38540,뮤지컬
2213,44,F,서울특별시,2024-05-25,23,346173,뮤지컬
2214,27,F,서울특별시,2024-08-31,5,292360,대중음악
2215,38,F,서울특별시,2024-12-26,4,773545,연극
2216,40,F,전라북도,2024-09-20,3,27700,무용
2217,41,M,경기도,2025-01-13,1,45269,서양음악
2218,35,M,인천광역시,2025-04-01,19,0,연극
2219,68,F,전라남도,2024-06-18,3,226745,무용
2220,36,F,경기도,2025-02-12,3,80465,대중무용
2221,24,F,충청북도,2025-03-09,4,38545,한국음악
2222,22,M,경기도,2025-04-14,2,291634,뮤지컬
2223,20,M,광주광역시,2025-02-23,2,48828,뮤지컬
2224,58,F,경기도,2024-09-09,18,27589,대중무용
2225,21,M,경기도,2025-03-01,4,31122,서커스/마술
2226,38,M,제주특별자치도,2024-12-13,5,4023,뮤지컬
2227,38,F,부산광역시,2025-04-04,7,15679,서커스/마술
2228,20,F,경기도,2024-05-15,3,28279,한국음악
2229,19,F,서울특별시,2025-01-22,2,218175,대중음악
2230,47,F,서울특별시,2021-09-20,2,163927,연극
2231,38,F,광주광역시,2025-02-20,6,99183,뮤지컬
2232,19,F,경기도,2025-04-10,2,221820,연극
2233,48,F,충청북도,2024-12-30,4,87345,뮤지컬
2234,55,M,경기도,2025-02-18,4,49998,서커스/마술
2235,41,F,경기도,2025-01-30,13,275161,연극
2236,26,F,강원특별자치도,2025-02-03,3,74837,대중무용
2237,38,F,경기도,2024-11-19,3,72046,연극
2238,43,F,전라북도,2025-04-21,10,51880,한국음악
2239,32,F,부산광역시,2025-01-06,3,82394,뮤지컬
2240,40,F,서울특별시,2024-12-02,8,31300,연극
2241,38,F,인천광역시,2024-05-02,2,147668,뮤지컬
2242,59,M,서울특별시,2024-10-01,19,41952,대중음악
2243,53,M,서울특별시,2022-10-08,39,355605,연극
2244,48,M,서울특별시,2024-11-16,3,33253,뮤지컬
2245,10,F,대구광역시,2024-11-19,6,26931,연극
2246,38,M,서울특별시,2024-07-10,4,72304,복합
2247,22,F,서울특별시,2025-02-02,1,28327,대중무용
2248,50,M,서울특별시,2022-03-22,2,256278,한국음악
2249,38,F,서울특별시,2025-02-25,18,28105,서양음악
2250,51,M,서울특별시,2023-10-07,4,86424,연극
2251,32,F,서울특별시,2023-07-17,7,10665,대중무용
2252,21,M,서울특별시,2025-04-29,9,43857,연극
2253,28,M,서울특별시,2024-09-22,3,22521,뮤지컬
2254,43,F,서울특별시,2025-04-09,9,55610,대중무용
2255,32,M,충청남도,2025-03-20,7,65817,대중무용
2256,13,F,광주광역시,2025-04-18,10,97190,연극
2257,49,기타,경기도,2025-04-21,15,713085,연극
2258,42,M,전라남도,2025-04-19,14,82019,대중음악
2259,31,기타,서울특별시,2025-01-04,3,445536,한국음악
2260,58,F,서울특별시,2025-02-01,2,3938,연극
2261,49,F,충청북도,2024-10-12,3,7801,연극
2262,29,M,부산광역시,2025-03-21,15,42166,대중음악
2263,32,M,경상남도,2025-03-04,4,39371,대중음악
2264,27,F,경상북도,2025-02-27,2,51130,서커스/마술
2265,35,F,서울특별시,2023-07-07,2,56098,뮤지컬
2266,79,F,경상남도,2025-05-01,3,69283,무용
2267,31,M,경상북도,2025-03-27,2,158090,뮤지컬
2268,36,M,경기도,2024-05-30,3,712022,서양음악
2269,23,F,제주특별자치도,2025-04-28,9,281347,연극
2270,34,F,서울특별시,2024-07-20,6,3987,연극
2271,26,F,대구광역시,2025-02-13,2,30067,연극
2272,24,F,서울특별시,2024-10-26,2,48112,한국음악
2273,55,M,서울특별시,2025-04-13,2,34184,무용
2274,29,F,인천광역시,2024-10-07,11,81015,대중무용
2275,44,M,서울특별시,2025-04-25,9,86272,대중음악
2276,45,M,대구광역시,2025-04-23,3,44794,한국음악
2277,57,F,인천광역시,2024-08-30,8,190113,뮤지컬
2278,34,F,경기도,2024-07-01,9,211543,서커스/마술
2279,24,M,서울특별시,2024-12-10,20,0,뮤지컬
2280,35,F,부산광역시,2024-12-30,43,46070,연극
2281,52,M,충청북도,2024-11-12,7,386714,서커스/마술
2282,32,F,부산광역시,2025-02-14,8,73056,연극
2283,36,M,부산광역시,2025-04-07,3,39736,대중무용
2284,35,F,경기도,2024-06-01,17,27754,뮤지컬
2285,26,F,경기도,2024-12-16,2,30094,무용
2286,24,F,경기도,2025-01-20,2,4119,대중무용
2287,32,기타,제주특별자치도,2025-04-06,19,160434,뮤지컬
2288,58,기타,울산광역시,2025-04-14,3,1977,대중무용
2289,21,F,경기도,2025-04-04,8,22621,한국음악
2290,32,F,경기도,2025-04-20,2,5170,뮤지컬
2291,46,F,경기도,2024-07-10,2,131340,뮤지컬
2292,39,F,대구광역시,2025-03-27,9,0,뮤지컬
2293,26,M,경기도,2025-03-30,23,45118,대중음악
2294,35,F,광주광역시,2024-11-19,1,99950,한국음악
2295,11,M,서울특별시,2025-03-30,7,22133,대중음악
2296,32,M,경기도,2025-04-14,3,22552,연극
2297,45,F,전라북도,2024-09-01,16,24180,연극
2298,65,M,서울특별시,2025-04-23,8,293620,연극
2299,35,F,경상남도,2024-01-11,8,753859,연극
2300,12,F,서울특별시,2024-08-27,41,28120,무용
2301,28,M,서울특별시,2024-05-03,1,0,복합
2302,76,F,경기도,2025-02-25,1,0,뮤지컬
2303,27,F,강원특별자치도,2024-11-07,2,289945,복합
2304,20,M,대전광역시,2023-03-08,18,88639,연극
2305,36,F,서울특별시,2022-03-19,10,299283,대중음악
2306,25,F,서울특별시,2025-04-26,8,237530,뮤지컬
2307,23,M,인천광역시,2024-11-25,2,456445,대중음악
2308,21,F,서울특별시,2025-01-02,2,374186,연극
2309,31,기타,경기도,2024-11-02,13,126352,복합
2310,32,F,경기도,2025-04-07,6,62721,뮤지컬
2311,50,M,부산광역시,2024-07-23,3,29414,뮤지컬
2312,34,M,서울특별시,2023-04-13,2,64908,무용
2313,49,F,서울특별시,2025-02-07,2,73650,뮤지컬
2314,20,M,경기도,2020-10-28,5,61759,서양음악
2315,36,M,서울특별시,2024-11-24,6,29809,복합
2316,46,M,인천광역시,2024-08-26,3,50927,대중무용
2317,39,F,충청남도,2025-01-24,7,96400,한국음악
2318,49,F,서울특별시,2024-08-07,38,85005,연극
2319,26,M,서울특별시,2025-02-11,2,18295,서양음악
2320,10,F,서울특별시,2024-12-09,4,27977,뮤지컬
2321,21,M,충청남도,2025-02-09,12,12982,대중음악
2322,24,F,서울특별시,2024-06-11,8,114293,뮤지컬
2323,26,F,제주특별자치도,2024-10-05,3,86264,서양음악
2324,51,F,경기도,2024-06-30,28,29145,뮤지컬
2325,27,기타,서울특별시,2025-02-10,37,0,뮤지컬
2326,30,F,서울특별시,2024-07-01,2,95705,뮤지컬
2327,42,F,부산광역시,2024-08-12,19,18275,뮤지컬
2328,16,M,부산광역시,2024-11-06,1,834427,뮤지컬
2329,23,F,경기도,2025-01-14,1,99334,연극
2330,41,M,서울특별시,2024-12-31,3,42170,대중음악
2331,38,F,경기도,2025-04-16,5,56723,연극
2332,26,M,서울특별시,2025-04-10,6,10803,대중음악
2333,31,F,경기도,2024-06-01,6,250487,연극
2334,26,M,서울특별시,2025-03-09,18,28634,연극
2335,42,F,대구광역시,2025-01-10,7,746099,대중무용
2336,46,F,서울특별시,2025-02-27,8,81373,무용
2337,25,F,경기도,2024-07-03,1,215466,무용
2338,26,M,경기도,2024-08-25,3,5583,대중무용
2339,34,F,서울특별시,2025-04-08,1,22082,뮤지컬
2340,17,M,경기도,2024-10-27,8,113468,서양음악
2341,31,F,서울특별시,2025-01-02,3,66546,무용
2342,33,F,서울특별시,2024-10-17,10,41308,뮤지컬
2343,39,F,전라남도,2025-01-17,1,17476,대중음악
2344,36,M,서울특별시,2025-03-05,3,14282,한국음악
2345,42,M,경기도,2022-02-12,43,76260,뮤지컬
2346,20,기타,충청북도,2020-04-11,17,42227,대중음악
2347,37,M,서울특별시,2025-01-23,17,14855,대중음악
2348,27,F,충청남도,2024-07-03,2,47815,무용
2349,40,M,서울특별시,2025-04-06,2,13513,뮤지컬
2350,36,F,부산광역시,2024-11-10,8,19943,대중음악
2351,26,M,광주광역시,2024-10-15,10,578222,뮤지컬
2352,29,F,전라남도,2024-10-04,4,46886,연극
2353,45,M,부산광역시,2025-04-03,9,379648,뮤지컬
2354,36,F,경기도,2024-09-20,3,15582,한국음악
2355,23,F,인천광역시,2025-04-24,43,26265,대중음악
2356,33,F,서울특별시,2025-04-07,1,17762,서양음악
2357,27,F,광주광역시,2024-08-03,2,86573,복합
2358,67,F,서울특별시,2024-11-10,3,77274,연극
2359,39,M,인천광역시,2024-12-04,6,89735,연극
2360,21,M,부산광역시,2023-09-24,2,9767,대중무용
2361,44,F,전라남도,2024-06-11,3,462114,복합
2362,34,F,경기도,2025-04-24,2,618325,무용
2363,49,F,강원특별자치도,2024-06-24,2,44247,연극
2364,30,M,서울특별시,2025-04-22,5,74928,뮤지컬
2365,30,F,서울특별시,2024-11-16,9,79524,뮤지컬
2366,39,F,인천광역시,2025-04-07,9,39014,뮤지컬
2367,29,F,부산광역시,2025-03-07,2,4872,연극
2368,22,F,부산광역시,2024-09-13,1,88569,대중음악
2369,49,F,울산광역시,2021-01-24,4,212415,무용
2370,10,F,서울특별시,2024-04-07,3,0,서양음악
2371,34,F,부산광역시,2025-03-22,1,70013,연극
2372,36,F,서울특별시,2025-01-13,6,449062,연극
2373,30,F,서울특별시,2024-12-03,2,13947,대중무용
2374,48,M,서울특별시,2024-12-25,4,49952,대중음악
2375,36,F,울산광역시,2024-11-30,14,294009,무용
2376,52,F,경기도,2025-03-16,2,16503,대중음악
2377,24,F,서울특별시,2024-12-24,17,23617,대중음악
2378,17,M,인천광역시,2025-04-24,10,23829,연극
2379,46,M,경기도,2025-04-16,18,27343,뮤지컬
2380,37,M,충청남도,2024-10-08,8,273127,서양음악
2381,31,F,인천광역시,2025-04-17,2,55320,뮤지컬
2382,33,F,서울특별시,2025-04-09,5,20292,뮤지컬
2383,34,F,제주특별자치도,2024-10-24,27,65719,뮤지컬
2384,55,F,서울특별시,2024-08-14,2,345564,뮤지컬
2385,44,F,광주광역시,2024-09-13,9,9044,대중음악
2386,29,M,경기도,2025-04-12,1,14919,연극
2387,18,M,서울특별시,2025-02-19,35,582068,뮤지컬
2388,35,F,대구광역시,2025-04-05,21,300701,무용
2389,40,F,서울특별시,2025-04-11,6,36772,한국음악
2390,34,F,충청남도,2024-06-24,3,39524,서양음악
2391,33,F,서울특별시,2024-07-06,6,48916,복합
2392,30,M,경기도,2025-04-02,5,7700,대중음악
2393,39,F,부산광역시,2024-10-20,3,69087,대중무용
2394,43,기타,서울특별시,2025-03-19,3,535,뮤지컬
2395,33,F,경기도,2025-03-31,2,3793,뮤지컬
2396,20,F,전라남도,2024-10-28,6,68881,한국음악
2397,35,F,광주광역시,2025-04-11,17,485324,대중음악
2398,20,M,경기도,2024-12-29,11,28528,복합
2399,29,F,대구광역시,2024-10-15,3,39755,대중무용
2400,24,F,경상북도,2024-11-01,2,537318,무용
2401,22,F,서울특별시,2024-11-06,2,95048,연극
2402,61,F,인천광역시,2022-01-26,14,25297,연극
2403,23,F,서울특별시,2025-04-20,2,27337,연극
2404,39,F,충청남도,2024-06-29,9,48652,연극
2405,29,M,대전광역시,2025-04-07,15,93331,뮤지컬
2406,29,M,충청북도,2025-01-31,2,62964,뮤지컬
2407,21,F,경상북도,2024-11-19,1,37861,서양음악
2408,44,M,서울특별시,2024-07-22,10,17521,무용
2409,25,F,서울특별시,2025-01-27,2,45688,대중무용
2410,26,M,서울특별시,2025-03-27,14,64733,무용
2411,45,F,경기도,2025-03-01,5,2442,뮤지컬
2412,31,F,부산광역시,2024-12-08,10,27408,복합
2413,30,F,강원특별자치도,2021-09-02,1,337286,연극
2414,21,M,경기도,2025-03-08,18,54679,대중음악
2415,20,F,경기도,2025-03-12,3,978,뮤지컬
2416,28,F,강원특별자치도,2025-04-11,3,60873,무용
2417,31,F,서울특별시,2025-01-04,8,5040,연극
2418,42,F,서울특별시,2025-04-06,2,255987,연극
2419,35,M,부산광역시,2024-05-18,3,296334,뮤지컬
2420,20,F,경기도,2025-04-17,13,87303,한국음악
2421,37,M,경상북도,2025-04-30,40,175657,뮤지컬
2422,28,F,경기도,2024-10-09,17,7196,대중무용
2423,77,F,세종특별자치시,2024-11-28,4,132598,뮤지컬
2424,22,M,인천광역시,2025-01-25,48,40716,뮤지컬
2425,48,M,서울특별시,2024-11-22,2,29928,대중음악
2426,22,F,서울특별시,2025-04-20,7,483430,대중음악
2427,49,F,서울특별시,2024-11-18,11,76378,무용
2428,37,M,서울특별시,2024-05-19,20,994233,뮤지컬
2429,39,F,서울특별시,2024-12-20,6,4461,뮤지컬
2430,36,M,인천광역시,2021-03-13,10,82798,복합
2431,25,F,부산광역시,2025-02-24,8,8848,뮤지컬
2432,34,M,부산광역시,2025-04-21,44,82361,대중음악
2433,33,F,서울특별시,2025-04-23,2,7173,뮤지컬
2434,21,F,부산광역시,2025-03-07,1,15271,서커스/마술
2435,47,F,경기도,2025-01-09,5,49192,뮤지컬
2436,36,기타,전라남도,2024-09-23,14,110449,뮤지컬
2437,31,M,전라남도,2024-07-11,47,38313,서양음악
2438,14,F,세종특별자치시,2024-12-08,8,292553,복합
2439,26,F,광주광역시,2025-01-29,24,31123,복합
2440,30,F,서울특별시,2022-11-05,3,0,한국음악
2441,33,F,서울특별시,2025-01-02,3,49564,한국음악
2442,42,F,충청남도,2024-11-30,3,631264,대중무용
2443,42,F,경기도,2024-06-21,3,424,한국음악
2444,57,F,경기도,2025-05-01,4,1497,대중음악
2445,37,F,충청남도,2025-02-20,3,160011,무용
2446,58,M,부산광역시,2025-02-17,7,47696,서양음악
2447,31,F,서울특별시,2024-10-12,16,253910,무용
2448,43,F,서울특별시,2025-04-02,18,11359,대중무용
2449,36,F,서울특별시,2024-07-11,8,94058,대중음악
2450,36,F,대전광역시,2025-01-21,1,27662,뮤지컬
2451,20,M,경기도,2025-01-22,14,87764,뮤지컬
2452,39,M,경상북도,2024-12-06,19,110546,뮤지컬
2453,29,F,대전광역시,2025-04-15,19,298251,뮤지컬
2454,58,F,서울특별시,2025-04-11,11,61481,무용
2455,39,M,서울특별시,2024-10-19,8,423338,대중음악
2456,28,F,경기도,2024-10-13,7,44010,대중무용
2457,38,F,경상북도,2024-12-24,3,38981,대중음악
2458,23,M,서울특별시,2024-11-20,2,68229,연극
2459,36,F,충청북도,2024-12-26,25,61894,대중음악
2460,35,F,서울특별시,2024-08-31,2,9591,대중무용
2461,25,F,서울특별시,2025-04-23,2,78566,연극
2462,49,F,전라남도,2025-03-29,2,42225,서양음악
2463,28,F,서울특별시,2024-12-07,3,123918,복합
2464,22,F,대구광역시,2021-10-15,2,223210,연극
2465,23,M,서울특별시,2025-04-09,19,72803,대중무용
2466,25,F,강원특별자치도,2025-04-30,2,0,대중음악
2467,30,F,충청북도,2024-09-28,45,76761,연극
2468,45,F,전라남도,2024-12-13,16,187374,서양음악
2469,20,M,서울특별시,2024-05-08,4,31040,무용
2470,61,F,서울특별시,2022-07-29,16,93917,뮤지컬
2471,35,M,경기도,2025-04-05,17,554840,서양음악
2472,48,M,서울특별시,2024-12-29,3,20539,연극
2473,53,M,부산광역시,2025-01-24,8,31614,한국음악
2474,27,F,경기도,2024-11-13,3,36977,연극
2475,53,M,서울특별시,2024-10-18,12,95460,뮤지컬
2476,25,F,대전광역시,2024-12-14,2,429884,무용
2477,40,F,충청북도,2025-04-04,18,68888,뮤지컬
2478,32,F,경상남도,2025-02-08,3,36244,뮤지컬
2479,50,M,경기도,2024-06-10,3,99840,대중음악
2480,29,F,서울특별시,2025-03-22,3,86051,대중음악
2481,48,M,서울특별시,2022-11-11,1,52404,대중음악
2482,39,F,서울특별시,2025-04-28,3,39807,무용
2483,37,F,서울특별시,2025-04-04,11,55771,대중음악
2484,21,M,경상남도,2024-05-22,8,30612,대중음악
2485,27,F,서울특별시,2024-12-19,10,0,뮤지컬
2486,34,M,서울특별시,2025-04-09,2,66541,뮤지컬
2487,34,M,서울특별시,2025-02-03,3,669488,연극
2488,54,F,서울특별시,2024-09-09,2,17597,무용
2489,32,F,서울특별시,2025-04-28,3,905037,복합
2490,51,F,경기도,2025-03-02,3,6623,대중무용
2491,39,F,경기도,2024-07-08,47,234898,서양음악
2492,23,F,서울특별시,2025-01-11,9,19,연극
2493,49,F,서울특별시,2025-04-11,8,45559,연극
2494,21,M,부산광역시,2024-12-07,2,80276,뮤지컬
2495,51,F,경기도,2024-11-28,7,77082,복합
2496,48,M,서울특별시,2024-10-08,5,114209,뮤지컬
2497,30,F,전라남도,2024-12-16,10,62293,대중음악
2498,33,F,경기도,2025-01-29,1,83976,연극
2499,56,F,부산광역시,2024-12-29,2,394838,대중무용
2500,32,M,전라북도,2025-04-11,45,90804,대중무용
2501,58,F,경기도,2024-07-22,26,42669,대중음악
2502,25,M,충청북도,2024-11-06,6,38969,연극
2503,72,F,전라남도,2024-12-22,16,13382,뮤지컬
2504,33,F,서울특별시,2025-03-29,6,153361,뮤지컬
2505,40,F,전라남도,2024-08-28,5,4376,복합
2506,44,F,서울특별시,2025-03-24,9,45993,연극
2507,31,F,서울특별시,2025-04-30,3,2147,연극
2508,31,M,충청북도,2021-01-03,20,68876,무용
2509,49,M,전라남도,2025-04-09,47,38712,무용
2510,19,M,광주광역시,2025-04-16,10,41766,대중음악
2511,27,M,서울특별시,2025-03-13,1,57957,복합
2512,32,M,인천광역시,2025-02-26,6,107567,무용
2513,38,M,인천광역시,2024-12-26,38,49903,대중음악
2514,47,F,서울특별시,2025-01-14,27,65682,한국음악
2515,33,F,제주특별자치도,2025-04-17,2,2595,뮤지컬
2516,38,F,서울특별시,2024-07-14,7,381461,대중음악
2517,48,F,서울특별시,2025-04-28,15,46099,서양음악
2518,42,M,서울특별시,2025-04-29,3,507169,뮤지컬
2519,58,F,경기도,2025-04-05,3,789538,서양음악
2520,33,M,광주광역시,2024-06-01,2,206952,뮤지컬
2521,29,M,서울특별시,2024-09-15,2,0,연극
2522,49,F,세종특별자치시,2024-11-09,50,56108,한국음악
2523,27,F,서울특별시,2024-06-15,3,3682,대중음악
2524,74,F,경기도,2025-04-09,7,329743,한국음악
2525,32,F,광주광역시,2025-01-04,2,220965,뮤지컬
2526,44,F,서울특별시,2025-01-14,1,996532,복합
2527,44,F,부산광역시,2025-03-25,2,57698,연극
2528,23,F,강원특별자치도,2024-12-24,10,92448,뮤지컬
2529,26,F,부산광역시,2024-07-10,2,60090,뮤지컬
2530,35,F,경기도,2024-09-28,5,42661,연극
2531,40,F,충청남도,2024-10-16,3,96963,뮤지컬
2532,49,M,제주특별자치도,2025-04-29,1,69127,서양음악
2533,26,F,서울특별시,2025-02-02,13,433397,대중음악
2534,49,M,광주광역시,2024-11-30,2,96229,서커스/마술
2535,34,M,서울특별시,2025-04-06,12,171676,대중음악
2536,45,M,서울특별시,2025-01-16,18,208918,뮤지컬
2537,42,F,서울특별시,2025-04-05,3,81621,한국음악
2538,30,F,경상남도,2025-03-09,44,40947,대중음악
2539,21,F,인천광역시,2024-11-22,3,65973,뮤지컬
2540,18,F,서울특별시,2024-07-03,3,79935,대중음악
2541,26,M,서울특별시,2025-04-16,20,9032,무용
2542,70,F,전라남도,2024-05-07,2,19479,뮤지컬
2543,38,기타,경기도,2024-08-10,3,701109,무용
2544,30,M,서울특별시,2021-11-03,2,3123,서양음악
2545,39,F,충청남도,2024-12-26,2,257123,한국음악
2546,42,M,부산광역시,2025-04-16,3,233232,뮤지컬
2547,45,F,서울특별시,2025-04-26,18,98909,대중무용
2548,39,F,경기도,2025-05-01,2,58946,대중음악
2549,31,F,경상북도,2020-10-06,2,118300,복합
2550,19,M,전라남도,2025-02-03,2,28104,뮤지컬
2551,54,F,서울특별시,2025-02-11,4,6799,뮤지컬
2552,66,M,서울특별시,2024-07-21,8,678192,서양음악
2553,28,F,서울특별시,2024-10-06,3,43275,뮤지컬
2554,36,F,인천광역시,2025-04-10,3,67509,연극
2555,34,F,울산광역시,2025-02-10,2,50168,뮤지컬
2556,25,F,서울특별시,2025-02-12,3,4635,대중음악
2557,38,F,세종특별자치시,2024-07-22,4,490329,대중음악
2558,36,F,대구광역시,2024-10-05,16,178264,무용
2559,22,M,대전광역시,2025-01-15,3,48465,무용
2560,19,F,경상북도,2025-02-08,7,804046,대중무용
2561,21,기타,경기도,2025-04-06,2,272999,뮤지컬
2562,24,F,서울특별시,2025-04-22,2,82089,무용
2563,34,F,광주광역시,2024-09-03,2,59738,연극
2564,50,F,충청북도,2024-07-05,8,7317,무용
2565,26,F,서울특별시,2025-04-09,2,85296,뮤지컬
2566,46,M,충청남도,2025-04-18,2,7936,서양음악
2567,25,M,서울특별시,2025-01-21,34,72618,서양음악
2568,40,M,서울특별시,2020-01-07,3,71786,뮤지컬
2569,38,M,서울특별시,2024-06-05,2,244681,연극
2570,25,M,경상남도,2025-04-26,3,299982,뮤지컬
2571,31,M,인천광역시,2025-04-30,8,45614,서양음악
2572,22,M,서울특별시,2025-03-12,7,398883,연극
2573,36,F,제주특별자치도,2024-12-11,2,79841,연극
2574,41,F,울산광역시,2025-04-27,15,71088,서양음악
2575,34,M,충청남도,2024-10-29,9,22363,한국음악
2576,38,F,서울특별시,2020-05-08,2,282845,뮤지컬
2577,28,M,서울특별시,2024-08-17,9,362601,무용
2578,38,F,경기도,2025-02-04,3,249893,복합
2579,30,M,강원특별자치도,2025-04-17,26,400393,복합
2580,30,F,부산광역시,2024-10-06,2,25306,뮤지컬
2581,44,F,부산광역시,2024-06-07,7,207682,대중음악
2582,32,F,울산광역시,2025-02-10,2,52860,대중무용
2583,22,M,서울특별시,2025-04-09,4,30852,복합
2584,34,F,대구광역시,2025-04-22,4,98804,무용
2585,31,M,경기도,2025-05-01,4,80996,대중음악
2586,53,M,서울특별시,2025-04-17,3,34984,대중음악
2587,26,F,서울특별시,2025-04-26,19,0,무용
2588,37,기타,강원특별자치도,2025-04-06,3,35302,대중음악
2589,49,F,전라남도,2022-07-30,1,19968,뮤지컬
2590,29,F,서울특별시,2024-05-23,2,42461,연극
2591,55,F,서울특별시,2025-01-31,2,12426,뮤지컬
2592,29,F,서울특별시,2024-12-14,3,18273,복합
2593,65,F,경상북도,2025-01-16,3,763345,무용
2594,44,M,광주광역시,2025-02-17,2,254712,서양음악
2595,37,M,경상남도,2024-11-12,4,31757,서양음악
2596,48,F,전라북도,2024-06-17,5,326309,연극
2597,25,F,서울특별시,2025-04-16,2,78855,뮤지컬
2598,47,기타,서울특별시,2025-04-30,6,56534,한국음악
2599,24,F,경기도,2024-10-30,2,84468,복합
2600,45,F,서울특별시,2024-05-14,2,39945,연극
2601,26,F,서울특별시,2025-04-24,15,11005,뮤지컬
2602,48,F,서울특별시,2025-04-15,2,19447,연극
2603,49,M,대구광역시,2025-04-30,15,76868,뮤지컬
2604,23,M,경기도,2024-08-23,2,92911,뮤지컬
2605,24,F,서울특별시,2025-04-22,10,140464,무용
2606,27,M,인천광역시,2024-06-01,9,14903,뮤지컬
2607,38,M,서울특별시,2024-12-17,15,223074,뮤지컬
2608,41,F,울산광역시,2025-04-17,6,67368,대중음악
2609,46,F,대전광역시,2025-03-30,16,677503,복합
2610,35,M,서울특별시,2024-11-08,5,36049,뮤지컬
2611,20,F,부산광역시,2025-03-10,3,470350,서양음악
2612,30,F,경기도,2024-05-17,10,121054,뮤지컬
2613,28,M,서울특별시,2024-08-14,6,71532,대중음악
2614,36,M,서울특별시,2024-07-24,7,94194,서양음악
2615,37,기타,제주특별자치도,2025-03-17,6,8743,대중음악
2616,33,F,서울특별시,2024-12-07,5,399617,연극
2617,43,M,경기도,2025-04-09,5,5189,대중무용
2618,31,F,충청남도,2024-07-16,10,91077,무용
2619,30,기타,서울특별시,2024-12-17,6,41978,뮤지컬
2620,55,M,서울특별시,2022-07-12,3,45456,뮤지컬
2621,76,기타,전라북도,2025-01-10,3,52352,대중무용
2622,24,기타,서울특별시,2024-11-21,2,461863,한국음악
2623,35,F,대구광역시,2025-03-06,9,54484,연극
2624,24,M,울산광역시,2025-04-22,8,623087,대중무용
2625,28,F,강원특별자치도,2024-10-22,26,91363,연극
2626,38,M,제주특별자치도,2021-07-01,10,28833,연극
2627,13,기타,충청북도,2025-04-24,8,24908,서양음악
2628,32,F,대구광역시,2024-11-17,15,295760,뮤지컬
2629,39,F,전라남도,2024-10-18,2,1481,뮤지컬
2630,37,M,전라남도,2024-05-15,4,78440,뮤지컬
2631,25,F,경상남도,2025-02-14,3,16451,서양음악
2632,56,F,강원특별자치도,2025-04-08,3,16586,뮤지컬
2633,34,F,서울특별시,2025-01-30,1,216307,복합
2634,22,F,광주광역시,2025-04-05,19,60902,뮤지컬
2635,33,M,서울특별시,2024-05-31,14,29625,한국음악
2636,65,F,서울특별시,2025-04-29,2,11897,뮤지컬
2637,11,F,서울특별시,2024-08-06,3,13014,무용
2638,28,기타,경상북도,2024-08-30,9,5315,대중무용
2639,20,M,서울특별시,2025-01-04,2,53677,뮤지컬
2640,32,F,대전광역시,2024-11-04,11,69226,무용
2641,14,F,인천광역시,2025-02-14,10,5874,뮤지컬
2642,47,M,서울특별시,2025-04-10,3,34565,연극
2643,43,F,인천광역시,2025-01-31,6,38225,뮤지컬
2644,26,M,대구광역시,2025-02-26,2,19540,한국음악
2645,23,M,전라북도,2024-08-27,7,66003,대중음악
2646,45,F,서울특별시,2025-04-27,4,44810,뮤지컬
2647,22,M,서울특별시,2024-01-19,2,37004,뮤지컬
2648,34,F,광주광역시,2024-07-24,10,248354,연극
2649,59,F,서울특별시,2020-06-30,44,21800,뮤지컬
2650,69,기타,서울특별시,2025-04-08,2,61140,대중음악
2651,31,F,서울특별시,2025-04-22,8,61473,대중무용
2652,57,M,대구광역시,2025-04-10,8,15175,뮤지컬
2653,39,M,서울특별시,2025-04-06,5,259774,뮤지컬
2654,29,F,부산광역시,2025-04-23,3,75070,대중음악
2655,20,기타,경상남도,2024-07-31,2,90613,뮤지컬
2656,24,F,강원특별자치도,2025-04-26,6,94769,뮤지컬
2657,30,F,서울특별시,2025-01-24,3,163132,서양음악
2658,33,M,경기도,2025-04-21,25,760920,대중무용
2659,48,F,서울특별시,2025-03-24,13,88217,뮤지컬
2660,43,M,서울특별시,2025-01-01,3,137517,대중음악
2661,32,M,서울특별시,2024-11-19,7,0,뮤지컬
2662,42,F,경기도,2025-01-28,27,65216,한국음악
2663,20,F,인천광역시,2024-09-09,3,40221,연극
2664,54,F,경상북도,2024-06-10,14,4162,대중무용
2665,36,M,경상북도,2024-12-25,38,80118,대중음악
2666,27,F,서울특별시,2025-02-08,3,166932,뮤지컬
2667,15,F,부산광역시,2024-10-25,1,10615,한국음악
2668,28,F,서울특별시,2025-03-27,7,80490,대중음악
2669,31,F,부산광역시,2025-02-16,19,68850,연극
2670,31,M,서울특별시,2022-01-09,1,94407,한국음악
2671,62,기타,경상북도,2024-09-01,2,45821,대중음악
2672,67,F,전라북도,2025-02-11,10,20353,대중무용
2673,23,F,서울특별시,2025-04-09,1,14840,뮤지컬
2674,30,M,강원특별자치도,2025-01-24,2,78949,연극
2675,40,F,부산광역시,2025-04-27,3,5662,뮤지컬
2676,29,M,경기도,2025-04-23,3,9627,연극
2677,39,F,부산광역시,2025-05-01,7,69605,무용
2678,57,F,대구광역시,2025-04-30,7,91873,연극
2679,73,기타,전라북도,2025-05-01,3,37807,뮤지컬
2680,28,F,세종특별자치시,2025-04-18,3,26390,뮤지컬
2681,33,F,인천광역시,2025-04-19,13,39939,무용
2682,56,F,충청북도,2025-02-05,42,179199,대중무용
2683,22,기타,제주특별자치도,2024-10-29,35,352223,한국음악
2684,71,M,서울특별시,2024-11-09,2,200845,연극
2685,43,F,서울특별시,2022-11-05,3,7917,연극
2686,44,M,대전광역시,2020-04-07,1,56989,연극
2687,34,F,경상남도,2024-11-13,3,25545,뮤지컬
2688,36,F,서울특별시,2025-02-20,8,34993,연극
2689,58,M,경기도,2024-10-05,2,47481,한국음악
2690,25,M,서울특별시,2024-05-06,2,194098,뮤지컬
2691,29,F,강원특별자치도,2025-04-12,41,87670,대중음악
2692,33,F,경상북도,2024-10-22,7,69390,무용
2693,34,F,경기도,2024-12-19,7,95827,뮤지컬
2694,47,M,경기도,2024-10-03,8,29348,대중음악
2695,40,M,전라남도,2024-07-03,3,51437,한국음악
2696,29,M,서울특별시,2024-12-07,10,93137,대중무용
2697,35,M,전라북도,2024-10-10,13,75939,대중음악
2698,59,M,경기도,2024-12-29,1,171953,뮤지컬
2699,28,M,인천광역시,2025-04-26,2,10530,대중음악
2700,37,F,인천광역시,2024-10-28,2,248354,뮤지컬
2701,31,F,부산광역시,2024-10-16,2,94944,대중음악
2702,21,F,경상북도,2025-01-23,2,98802,뮤지컬
2703,51,F,경상북도,2025-01-21,3,53214,뮤지컬
2704,39,M,충청북도,2024-06-27,5,458965,서양음악
2705,37,M,서울특별시,2024-11-18,5,42553,뮤지컬
2706,11,F,서울특별시,2024-09-09,1,68756,뮤지컬
2707,25,M,경기도,2025-04-28,2,65081,뮤지컬
2708,59,F,전라남도,2025-04-07,46,49784,서양음악
2709,39,F,인천광역시,2025-04-25,2,5773,대중음악
2710,25,F,경상남도,2024-08-13,5,157410,서양음악
2711,13,F,제주특별자치도,2024-12-08,8,22460,대중음악
2712,55,F,부산광역시,2025-04-25,2,26425,무용
2713,27,F,전라북도,2024-06-04,2,855343,연극
2714,33,M,제주특별자치도,2025-04-10,1,298070,연극
2715,57,M,충청남도,2024-07-13,9,18963,대중무용
2716,28,F,대구광역시,2024-10-29,3,91172,뮤지컬
2717,48,F,충청남도,2024-10-24,7,56367,뮤지컬
2718,32,기타,서울특별시,2024-11-18,2,264484,뮤지컬
2719,20,F,부산광역시,2025-04-26,3,269434,서양음악
2720,26,M,서울특별시,2025-04-18,40,110334,뮤지컬
2721,20,F,서울특별시,2024-06-25,2,30246,대중음악
2722,49,F,전라남도,2020-01-26,8,78889,한국음악
2723,49,M,부산광역시,2024-06-25,2,0,한국음악
2724,37,F,서울특별시,2025-04-06,2,547,서커스/마술
2725,28,M,경기도,2025-03-24,1,251931,뮤지컬
2726,43,F,경상남도,2024-10-11,5,0,서양음악
2727,54,M,전라북도,2025-01-22,6,73911,대중음악
2728,20,M,서울특별시,2024-10-17,2,291983,대중무용
2729,34,F,경상남도,2025-01-07,40,18612,대중음악
2730,23,F,경기도,2025-04-16,2,1477,뮤지컬
2731,36,F,광주광역시,2025-04-19,4,177361,대중무용
2732,46,F,대전광역시,2021-01-18,20,385647,연극
2733,30,M,전라남도,2025-04-27,3,295947,서커스/마술
2734,23,F,전라북도,2025-02-22,1,77230,대중음악
2735,33,F,서울특별시,2024-11-12,2,21510,대중음악
2736,23,F,부산광역시,2025-04-01,13,0,한국음악
2737,40,F,경기도,2024-08-16,5,63159,뮤지컬
2738,23,F,인천광역시,2024-10-16,19,18661,연극
2739,51,F,인천광역시,2025-03-01,41,241402,대중음악
2740,29,M,경기도,2024-10-15,3,73976,뮤지컬
2741,26,M,경기도,2024-10-28,2,84789,뮤지컬
2742,20,M,서울특별시,2025-03-04,2,231542,대중무용
2743,33,F,부산광역시,2025-04-29,3,171441,뮤지컬
2744,36,M,세종특별자치시,2025-03-09,2,60783,서양음악
2745,49,M,경기도,2024-10-13,9,367363,무용
2746,54,F,경상남도,2024-10-30,5,979224,한국음악
2747,22,M,서울특별시,2024-10-25,3,426313,대중음악
2748,35,M,부산광역시,2025-01-26,2,177369,뮤지컬
2749,32,F,인천광역시,2025-02-08,3,295706,뮤지컬
2750,36,M,서울특별시,2024-12-18,7,72198,뮤지컬
2751,28,F,서울특별시,2024-11-18,9,1887,복합
2752,28,F,전라남도,2023-07-23,33,40692,뮤지컬
2753,27,F,인천광역시,2025-01-21,1,0,뮤지컬
2754,37,M,경기도,2025-04-10,5,14934,서양음악
2755,38,F,경기도,2024-09-29,4,59224,뮤지컬
2756,35,F,전라북도,2024-09-06,1,24785,복합
2757,24,F,경기도,2025-04-22,2,477294,대중음악
2758,32,M,충청남도,2025-05-01,3,289849,무용
2759,38,M,서울특별시,2025-04-10,4,6512,서양음악
2760,49,F,인천광역시,2025-01-25,10,46524,연극
2761,44,M,서울특별시,2024-09-02,43,195885,한국음악
2762,38,F,충청북도,2025-04-28,2,123672,한국음악
2763,21,F,대전광역시,2025-03-26,5,403435,뮤지컬
2764,37,F,인천광역시,2024-10-18,7,507297,뮤지컬
2765,32,M,서울특별시,2025-02-10,23,638652,대중음악
2766,46,M,경기도,2025-04-30,7,45164,뮤지컬
2767,29,M,서울특별시,2023-09-13,2,18099,서양음악
2768,35,F,경기도,2025-02-06,1,219219,연극
2769,27,F,충청남도,2025-02-10,1,34155,뮤지컬
2770,32,F,세종특별자치시,2025-04-23,6,276377,대중음악
2771,33,기타,서울특별시,2025-03-18,9,99087,뮤지컬
2772,24,F,제주특별자치도,2024-10-25,3,276250,대중무용
2773,30,F,전라남도,2025-01-05,3,27181,뮤지컬
2774,28,M,인천광역시,2024-05-04,5,88309,뮤지컬
2775,31,F,인천광역시,2024-11-23,2,74970,대중음악
2776,29,M,전라남도,2021-06-14,12,467391,대중무용
2777,56,M,부산광역시,2022-11-22,11,34344,대중음악
2778,46,M,인천광역시,2023-03-08,13,328402,대중음악
2779,45,F,울산광역시,2025-02-13,4,276904,복합
2780,43,F,서울특별시,2025-01-09,9,161295,대중음악
2781,38,F,전라북도,2025-03-19,2,223594,연극
2782,33,F,인천광역시,2025-03-03,8,51640,대중음악
2783,56,M,부산광역시,2024-05-15,31,46792,연극
2784,39,F,서울특별시,2025-01-20,9,31496,연극
2785,27,M,서울특별시,2025-04-02,7,259929,연극
2786,42,F,경기도,2025-01-03,11,158030,뮤지컬
2787,29,M,경기도,2025-03-05,2,14142,서양음악
2788,35,F,강원특별자치도,2022-06-19,3,91641,뮤지컬
2789,23,F,서울특별시,2025-04-18,3,80426,연극
2790,15,F,서울특별시,2025-04-25,6,29804,무용
2791,54,M,인천광역시,2024-09-20,6,92548,뮤지컬
2792,47,F,부산광역시,2025-04-21,2,36758,한국음악
2793,27,F,서울특별시,2025-03-28,3,1912,뮤지컬
2794,27,F,서울특별시,2024-07-04,2,59160,뮤지컬
2795,22,F,전라남도,2025-01-07,7,52971,뮤지컬
2796,36,M,서울특별시,2025-02-19,13,610,뮤지컬
2797,33,M,전라남도,2020-05-27,3,29946,대중무용
2798,52,F,경기도,2025-04-04,5,42284,무용
2799,27,F,대구광역시,2025-01-22,6,0,뮤지컬
2800,44,F,서울특별시,2025-01-01,3,17610,뮤지컬
2801,33,기타,충청북도,2024-12-15,19,16369,뮤지컬
2802,55,F,서울특별시,2024-10-13,17,25387,복합
2803,53,M,경기도,2025-03-23,3,240914,뮤지컬
2804,48,M,서울특별시,2024-09-11,2,58890,대중음악
2805,21,M,충청남도,2024-12-27,3,35470,한국음악
2806,24,M,충청남도,2024-09-09,2,7433,연극
2807,50,F,경기도,2025-04-17,2,34314,서커스/마술
2808,34,기타,서울특별시,2024-10-25,3,275763,한국음악
2809,38,M,강원특별자치도,2024-08-02,3,45402,서양음악
2810,53,F,전라북도,2024-10-22,1,37467,뮤지컬
2811,37,M,부산광역시,2024-09-06,1,48491,대중무용
2812,33,M,경상북도,2025-04-19,19,98645,뮤지컬
2813,44,M,경기도,2025-02-17,10,0,연극
2814,24,F,서울특별시,2024-09-27,1,97618,대중음악
2815,37,M,서울특별시,2024-10-06,3,20126,대중음악
2816,43,F,대구광역시,2024-10-19,15,0,연극
2817,30,M,경기도,2024-12-02,4,77189,대중음악
2818,14,기타,서울특별시,2024-09-06,2,271683,한국음악
2819,22,M,서울특별시,2025-05-01,1,56489,뮤지컬
2820,17,F,인천광역시,2024-10-01,9,42069,뮤지컬
2821,33,M,서울특별시,2025-01-23,17,90347,뮤지컬
2822,21,F,서울특별시,2024-09-25,3,36746,한국음악
2823,31,M,전라남도,2025-03-02,3,173332,대중음악
2824,30,M,서울특별시,2024-11-21,4,52144,연극
2825,39,F,서울특별시,2024-12-01,26,6071,대중무용
2826,11,F,광주광역시,2024-12-19,6,64238,한국음악
2827,21,M,충청남도,2020-05-09,18,79057,대중음악
2828,35,F,부산광역시,2025-04-30,7,39143,연극
2829,35,M,서울특별시,2024-07-26,40,161895,무용
2830,47,F,전라북도,2025-03-24,30,195075,대중음악
2831,45,F,경기도,2025-02-02,16,16511,뮤지컬
2832,31,M,경기도,2025-02-21,36,479746,뮤지컬
2833,63,M,부산광역시,2025-04-09,3,74073,대중음악
2834,31,F,광주광역시,2024-05-18,10,242728,연극
2835,34,M,부산광역시,2021-12-23,5,269037,대중음악
2836,47,F,전라남도,2024-12-23,17,73506,뮤지컬
2837,42,M,부산광역시,2024-12-22,2,13968,연극
2838,30,F,전라북도,2025-03-26,8,404369,뮤지컬
2839,37,F,부산광역시,2024-06-29,5,28080,연극
2840,41,F,서울특별시,2024-10-24,3,22439,연극
2841,27,F,인천광역시,2024-08-17,8,18005,서양음악
2842,25,F,서울특별시,2025-01-12,12,219201,뮤지컬
2843,27,F,서울특별시,2025-04-04,3,324031,대중음악
2844,24,기타,세종특별자치시,2025-04-16,7,23900,무용
2845,28,F,대구광역시,2025-03-13,2,268218,뮤지컬
2846,38,F,서울특별시,2025-03-22,8,49134,뮤지컬
2847,41,M,경기도,2024-06-13,3,511197,서양음악
2848,27,F,서울특별시,2025-04-20,1,53314,뮤지컬
2849,56,F,충청남도,2025-03-03,2,0,연극
2850,25,F,서울특별시,2025-04-11,7,0,대중음악
2851,27,F,대구광역시,2025-04-18,4,31856,뮤지컬
2852,20,F,부산광역시,2025-01-29,10,25962,연극
2853,19,F,경기도,2025-04-24,2,133010,무용
2854,35,M,서울특별시,2021-04-06,1,47000,서양음악
2855,36,F,경기도,2025-03-29,2,607586,뮤지컬
2856,41,F,충청북도,2025-01-12,2,54496,대중음악
2857,36,F,세종특별자치시,2025-01-24,19,86320,서양음악
2858,63,F,대전광역시,2024-12-09,3,23576,서양음악
2859,32,F,울산광역시,2024-05-03,2,453716,뮤지컬
2860,27,M,서울특별시,2025-02-22,5,64152,복합
2861,23,M,서울특별시,2024-10-15,10,161079,뮤지컬
2862,35,M,전라북도,2022-01-11,20,386129,대중무용
2863,39,F,충청남도,2024-06-01,3,19670,뮤지컬
2864,26,기타,광주광역시,2025-02-12,4,9765,한국음악
2865,35,F,부산광역시,2025-04-08,4,100743,연극
2866,45,F,경기도,2025-03-14,4,172685,연극
2867,20,F,서울특별시,2024-10-29,49,59482,대중음악
2868,75,M,대구광역시,2025-04-03,44,18519,뮤지컬
2869,32,F,전라남도,2025-04-10,2,85403,뮤지컬
2870,36,M,경기도,2022-07-08,10,26426,대중무용
2871,29,M,서울특별시,2024-12-24,5,21435,한국음악
2872,27,F,서울특별시,2025-04-12,15,57204,뮤지컬
2873,38,M,서울특별시,2025-04-23,1,11689,뮤지컬
2874,32,F,인천광역시,2025-04-29,23,58637,복합
2875,32,F,제주특별자치도,2024-12-08,3,303895,대중무용
2876,23,F,충청북도,2025-03-16,5,193911,뮤지컬
2877,35,F,전라남도,2024-11-25,9,362372,대중음악
2878,48,F,부산광역시,2025-01-16,18,254364,무용
2879,28,M,경기도,2025-01-17,9,31218,뮤지컬
2880,32,기타,제주특별자치도,2020-08-16,14,104136,뮤지컬
2881,34,M,경기도,2025-04-03,1,345677,뮤지컬
2882,21,F,전라남도,2025-04-17,3,369564,대중음악
2883,31,F,세종특별자치시,2025-03-23,2,53434,연극
2884,38,F,서울특별시,2022-11-09,4,18307,뮤지컬
2885,28,M,경기도,2024-10-16,1,0,대중음악
2886,26,기타,경기도,2021-03-04,1,37588,연극
2887,25,M,서울특별시,2025-01-23,12,775820,서양음악
2888,22,F,경기도,2021-06-14,9,57448,뮤지컬
2889,38,F,전라북도,2025-04-14,25,295471,대중무용
2890,24,M,울산광역시,2025-04-07,3,54165,뮤지컬
2891,21,F,서울특별시,2025-01-11,25,81211,연극
2892,38,F,경기도,2025-04-19,1,0,대중무용
2893,44,M,부산광역시,2024-09-20,3,39378,서양음악
2894,25,F,경기도,2024-05-05,20,73726,서양음악
2895,60,F,경기도,2025-04-29,9,83635,서양음악
2896,23,F,광주광역시,2024-12-08,37,48906,무용
2897,21,F,경기도,2025-04-13,3,128587,무용
2898,28,M,서울특별시,2025-04-17,8,39622,서양음악
2899,25,F,인천광역시,2025-01-29,2,232078,서양음악
2900,51,M,경기도,2025-01-17,10,3630,서양음악
2901,32,F,서울특별시,2021-09-17,7,90311,대중무용
2902,28,F,서울특별시,2025-01-09,1,12841,연극
2903,56,F,경기도,2025-02-02,9,290642,뮤지컬
2904,31,F,전라북도,2024-07-09,40,44173,뮤지컬
2905,41,M,대전광역시,2024-10-30,3,69767,대중음악
2906,49,M,대구광역시,2024-12-04,5,420073,한국음악
2907,28,F,경기도,2024-12-25,19,0,대중무용
2908,49,F,서울특별시,2024-11-25,17,0,뮤지컬
2909,30,M,서울특별시,2025-04-14,7,268647,연극
2910,34,F,충청북도,2025-04-04,7,52041,대중음악
2911,37,F,경기도,2023-09-07,9,13986,대중음악
2912,39,F,인천광역시,2024-11-14,25,81390,연극
2913,34,F,서울특별시,2020-10-10,4,6581,대중음악
2914,25,F,전라남도,2024-11-18,2,37936,뮤지컬
2915,35,F,경상북도,2024-08-29,19,17075,뮤지컬
2916,22,F,서울특별시,2025-04-27,8,228521,한국음악
2917,22,기타,대전광역시,2024-10-26,13,96687,대중무용
2918,21,F,서울특별시,2025-04-10,9,79069,대중음악
2919,49,F,부산광역시,2024-12-01,31,119265,연극
2920,25,F,서울특별시,2024-12-12,13,15294,뮤지컬
2921,21,F,서울특별시,2025-04-03,6,184439,뮤지컬
2922,42,F,서울특별시,2025-02-04,29,259461,뮤지컬
2923,32,F,경상북도,2025-04-07,7,19721,무용
2924,70,M,충청북도,2025-01-14,4,14304,뮤지컬
2925,20,M,서울특별시,2024-10-27,16,566160,뮤지컬
2926,38,F,부산광역시,2025-02-12,2,644187,뮤지컬
2927,37,M,서울특별시,2024-08-17,38,48362,한국음악
2928,49,F,서울특별시,2025-03-22,29,8985,대중무용
2929,26,F,전라북도,2020-08-21,31,31311,서양음악
2930,22,M,서울특별시,2025-02-08,3,34962,뮤지컬
2931,31,M,부산광역시,2025-01-03,7,89150,뮤지컬
2932,22,F,경기도,2024-08-16,45,84770,연극
2933,39,F,서울특별시,2024-11-11,12,377305,연극
2934,38,F,경기도,2025-01-15,18,39734,뮤지컬
2935,39,F,경상북도,2025-03-03,2,232527,연극
2936,45,M,강원특별자치도,2024-05-26,23,9920,대중무용
2937,41,F,서울특별시,2025-01-20,6,0,서커스/마술
2938,30,F,충청남도,2024-09-26,5,78193,연극
2939,21,F,경상북도,2025-03-04,2,1625,대중음악
2940,27,F,서울특별시,2025-03-25,2,17498,연극
2941,38,M,서울특별시,2025-01-11,5,471629,서양음악
2942,49,M,서울특별시,2025-01-03,3,46132,서양음악
2943,42,F,서울특별시,2024-10-25,7,288963,대중음악
2944,30,F,대구광역시,2024-12-19,10,24091,연극
2945,45,F,서울특별시,2024-05-01,3,7047,뮤지컬
2946,21,F,서울특별시,2023-12-02,2,79593,연극
2947,28,F,서울특별시,2024-10-07,3,159898,뮤지컬
2948,32,F,경기도,2024-06-07,16,37119,대중음악
2949,37,F,인천광역시,2024-08-11,16,72212,대중음악
2950,30,F,광주광역시,2025-03-03,5,418882,한국음악
2951,56,M,서울특별시,2025-01-20,3,204524,무용
2952,22,F,경기도,2024-08-13,7,37262,대중음악
2953,27,M,서울특별시,2024-08-08,6,291263,뮤지컬
2954,30,F,경상북도,2024-10-05,46,56231,연극
2955,47,M,경기도,2025-02-18,6,181932,대중음악
2956,48,F,서울특별시,2022-12-29,16,77968,뮤지컬
2957,45,M,서울특별시,2021-03-22,2,30481,연극
2958,27,F,서울특별시,2024-09-18,4,93588,연극
2959,46,기타,서울특별시,2024-11-03,10,66704,대중무용
2960,55,M,대구광역시,2024-10-19,45,74530,대중무용
2961,32,F,충청남도,2024-12-05,1,140013,뮤지컬
2962,58,F,서울특별시,2025-04-12,3,480046,한국음악
2963,27,M,인천광역시,2025-04-08,2,81081,대중음악
2964,33,M,대전광역시,2025-01-11,10,54399,대중음악
2965,58,M,경기도,2024-05-28,16,55978,대중무용
2966,28,M,서울특별시,2024-08-02,5,55594,대중음악
2967,48,M,서울특별시,2025-03-12,3,324439,한국음악
2968,20,F,전라북도,2024-12-29,3,78303,뮤지컬
2969,39,F,충청북도,2025-03-15,10,16328,뮤지컬
2970,28,F,서울특별시,2024-06-14,3,98797,무용
2971,29,M,서울특별시,2024-09-01,2,98417,연극
2972,20,F,세종특별자치시,2025-02-08,2,74421,뮤지컬
2973,34,F,경기도,2025-04-21,3,58527,무용
2974,13,F,세종특별자치시,2024-10-27,1,46462,연극
2975,25,M,서울특별시,2025-01-07,4,0,연극
2976,39,F,경상남도,2024-09-03,9,13930,뮤지컬
2977,35,F,강원특별자치도,2024-09-17,7,48434,한국음악
2978,23,F,서울특별시,2024-05-02,10,9202,대중음악
2979,14,F,인천광역시,2025-04-18,3,247241,대중무용
2980,35,M,서울특별시,2025-04-03,6,31603,무용
2981,24,F,경기도,2025-04-15,3,475639,뮤지컬
2982,35,M,대구광역시,2024-08-13,3,18010,뮤지컬
2983,30,F,서울특별시,2020-02-24,2,6731,연극
2984,23,F,대구광역시,2024-12-13,2,73173,대중음악
2985,47,F,서울특별시,2025-04-12,17,37717,뮤지컬
2986,42,F,대전광역시,2025-04-27,16,489021,대중음악
2987,20,F,경기도,2025-01-13,2,0,한국음악
2988,32,F,강원특별자치도,2024-07-19,2,13371,뮤지컬
2989,32,M,서울특별시,2025-03-15,7,375400,무용
2990,23,M,경기도,2025-03-27,9,49348,뮤지컬
2991,23,M,경기도,2025-02-16,3,5120,뮤지컬
2992,38,기타,경기도,2025-01-10,1,33045,무용
2993,76,F,경기도,2024-10-13,4,56789,서커스/마술
2994,54,F,경기도,2024-06-27,33,47874,대중음악
2995,45,F,제주특별자치도,2025-03-25,43,83253,대중음악
2996,28,F,서울특별시,2024-10-16,3,155768,연극
2997,35,M,세종특별자치시,2025-04-15,6,140561,연극
2998,37,M,인천광역시,2025-04-30,48,7901,연극
2999,22,M,경기도,2025-03-08,2,24696,뮤지컬
3000,39,M,부산광역시,2025-03-18,11,17092,뮤지컬
